persona,label,initial_capital_krw,total_contributed_krw,final_equity_krw,final_cash_krw,final_holdings_value_krw,net_profit_krw,money_weighted_return,time_weighted_return,cagr,max_drawdown,realized_pnl_krw,trade_count,open_positions
oracle,Prophet,10000000.0,100000000.0,2249105839.737639,2249105839.737639,0.0,2149105839.737639,1.3493795517989198,50.27900764909196,0.8041160058187347,0.30318984215364586,2149105839.737638,2454,0
weak_oracle,Weak Prophet (6M look-ahead),10000000.0,100000000.0,1503736301.925995,316207402.9778874,1187528898.9481077,1403736301.925995,1.145189258519677,41.876302657045805,0.6715718271845172,0.2715918319840872,911341401.1340971,884,20
smic_follower,SMIC Follower (1/N),10000000.0,100000000.0,142744258.63819593,48503396.11487014,94240862.5233258,42744258.63819593,0.13944230851018796,0.5240611272379749,0.0697826776128394,0.11406440237705562,35814249.87972631,3238,77
smic_follower_v2,SMIC Follower v2 (with stop-loss),10000000.0,100000000.0,125969616.99897422,91881276.99897422,34088340.0,25969616.99897422,0.09055911282717712,0.2823867768211359,0.04473156261202993,0.09023073522571519,23785602.010376863,1574,14
all_weather,All-Weather (25/25/25/25),10000000.0,100000000.0,224206906.49926388,81993.94034466892,224124912.55891922,124206906.49926388,0.31678991351567676,2.1854245646442716,0.1653682376496659,0.09551907455805256,101087118.09734173,212,4
