persona,label,initial_capital_krw,total_contributed_krw,final_equity_krw,final_cash_krw,final_holdings_value_krw,net_profit_krw,money_weighted_return,time_weighted_return,cagr,max_drawdown,realized_pnl_krw,trade_count,open_positions
oracle,Prophet,10000000.0,100000000.0,2249105839.737639,2249105839.737639,0.0,2149105839.737639,1.3493795517989198,46.89357497075457,0.8041160058187347,0.5563768313692394,2149105839.737638,2454,0
weak_oracle,Weak Prophet (6M look-ahead),10000000.0,100000000.0,1503736301.9259949,316207402.9778874,1187528898.9481075,1403736301.9259949,1.145189258519677,40.68952877858365,0.6715718271845172,0.3332801661891281,911341401.1340971,884,20
smic_follower,SMIC Follower (1/N),10000000.0,100000000.0,142744258.63819593,48503396.11487014,94240862.5233258,42744258.63819593,0.13944230851018796,0.5240611272379763,0.0697826776128394,0.11477244286918878,35814249.87972631,3238,77
smic_follower_v2,SMIC Follower v2 (with stop-loss),10000000.0,100000000.0,125969616.99897422,91881276.99897422,34088340.0,25969616.99897422,0.09055911282717712,0.28238677682113567,0.04473156261202993,0.09642424066297785,23785602.010376863,1574,14
all_weather,All-Weather (25/25/25/25),10000000.0,100000000.0,224206906.4992639,81993.94034466892,224124912.55891925,124206906.49926391,0.31678991351567676,2.185424564644267,0.1653682376496659,0.2160875420645333,101087118.09734173,212,4
